<?xml version="1.0" encoding="UTF-8"?><rss version="2.0"
	xmlns:content="http://purl.org/rss/1.0/modules/content/"
	xmlns:wfw="http://wellformedweb.org/CommentAPI/"
	xmlns:dc="http://purl.org/dc/elements/1.1/"
	xmlns:atom="http://www.w3.org/2005/Atom"
	xmlns:sy="http://purl.org/rss/1.0/modules/syndication/"
	xmlns:slash="http://purl.org/rss/1.0/modules/slash/"
	>

<channel>
	<title>Prodotti &#8211; LaMè</title>
	<atom:link href="http://localhost/ecommercemilano/negozio/feed/?simply_static_page=173" rel="self" type="application/rss+xml" />
	<link></link>
	<description>La Meglio Vestita</description>
	<lastBuildDate>Tue, 21 Mar 2023 13:15:03 +0000</lastBuildDate>
	<language>it-IT</language>
	<sy:updatePeriod>
	hourly	</sy:updatePeriod>
	<sy:updateFrequency>
	1	</sy:updateFrequency>
	<generator>https://wordpress.org/?v=6.1.1</generator>
	<item>
		<title>Abito Gucci anni 90</title>
		<link>/prodotto/abito-gucci-anni-90/</link>
					<comments>/prodotto/abito-gucci-anni-90/#respond</comments>
		
		<dc:creator><![CDATA[jen]]></dc:creator>
		<pubDate>Tue, 21 Mar 2023 13:15:03 +0000</pubDate>
				<guid isPermaLink="false">/?post_type=product#038;p=114</guid>

					<description><![CDATA[Abito Gucci elegante in crepe e paillettes]]></description>
										<content:encoded><![CDATA[<p>Abito Gucci elegante in crepe e paillettes</p>
]]></content:encoded>
					
					<wfw:commentRss>/prodotto/abito-gucci-anni-90/feed/</wfw:commentRss>
			<slash:comments>0</slash:comments>
		
		
			</item>
		<item>
		<title>Abito Yves Saint Laurent anni 70</title>
		<link>/prodotto/abito-yves-saint-laurent-anni-70/</link>
					<comments>/prodotto/abito-yves-saint-laurent-anni-70/#respond</comments>
		
		<dc:creator><![CDATA[jen]]></dc:creator>
		<pubDate>Tue, 21 Mar 2023 13:13:17 +0000</pubDate>
				<guid isPermaLink="false">/?post_type=product#038;p=113</guid>

					<description><![CDATA[Abito in lurex divertente e leggero]]></description>
										<content:encoded><![CDATA[<p>Abito in lurex divertente e leggero</p>
]]></content:encoded>
					
					<wfw:commentRss>/prodotto/abito-yves-saint-laurent-anni-70/feed/</wfw:commentRss>
			<slash:comments>0</slash:comments>
		
		
			</item>
		<item>
		<title>Abito Dior anni 50</title>
		<link>/prodotto/abito-dior-anni-50/</link>
					<comments>/prodotto/abito-dior-anni-50/#respond</comments>
		
		<dc:creator><![CDATA[jen]]></dc:creator>
		<pubDate>Tue, 21 Mar 2023 13:07:58 +0000</pubDate>
				<guid isPermaLink="false">/?post_type=product#038;p=109</guid>

					<description><![CDATA[Prezioso abito anni 50 di Dior]]></description>
										<content:encoded><![CDATA[<p>Prezioso abito anni 50 di Dior</p>
]]></content:encoded>
					
					<wfw:commentRss>/prodotto/abito-dior-anni-50/feed/</wfw:commentRss>
			<slash:comments>0</slash:comments>
		
		
			</item>
	</channel>
</rss>
