<?xml version="1.0" encoding="UTF-8"?><rss version="2.0"
	xmlns:content="http://purl.org/rss/1.0/modules/content/"
	xmlns:dc="http://purl.org/dc/elements/1.1/"
	xmlns:atom="http://www.w3.org/2005/Atom"
	xmlns:sy="http://purl.org/rss/1.0/modules/syndication/"
	
	>
<channel>
	<title>
	Commenti a: Abito Yves Saint Laurent anni 70	</title>
	<atom:link href="http://localhost/ecommercemilano/prodotto/abito-yves-saint-laurent-anni-70/feed/?simply_static_page=244" rel="self" type="application/rss+xml" />
	<link>/prodotto/abito-yves-saint-laurent-anni-70/</link>
	<description>La Meglio Vestita</description>
	<lastBuildDate>Tue, 21 Mar 2023 13:13:41 +0000</lastBuildDate>
	<sy:updatePeriod>
	hourly	</sy:updatePeriod>
	<sy:updateFrequency>
	1	</sy:updateFrequency>
	<generator>https://wordpress.org/?v=6.1.1</generator>
</channel>
</rss>
